brand,model_name,url,device_type,status_raw,announced,network_technology,dimensions_raw,weight_raw,build,sim,ip_rating,display_type_raw,display_size_inches,display_resolution_raw,display_width_px,display_height_px,display_ppi,refresh_rate_hz,display_protection,os,chipset,cpu_raw,gpu,memory_card_slot,memory_variants_raw,memory_variants_summary,main_camera_count,main_camera_raw,selfie_camera_raw,loudspeaker,jack_3_5mm,wlan,bluetooth,gps,nfc,usb,sensors,battery_type_raw,battery_capacity_mah,charging,colors,models_list,price_raw
Oppo,Oppo A7 Pro Max,oppo_a7_pro_max_5g-14828.php,phone,"Available. Released 2026, August 07","2026, August 04",GSM / HSPA / LTE / 5G,163 x 78 x 8.6 mm,224 g (7.90 oz),"Glass front, plastic frame, plastic back",Nano-SIM + Nano-SIM,IP68,"AMOLED, 1B colors, 120Hz, 1800 nits (HBM)",6.78,"1272 x 2772 pixels, 19.5:9 ratio",1272,2772,450,120,,"Android 16, ColorOS 16",Qualcomm Snapdragon 4 Gen 5 (4 nm),Octa-core,Adreno 613,No,"128GB 8GB RAM, 256GB 8GB RAM, 256GB 12GB RAM, 512GB 12GB RAM",128GB/8GB; 256GB/8GB; 256GB/12GB; 512GB/12GB,Dual,"50 MP, f/1.8, (wide), PDAF, OIS Auxiliary lens","50 MP, f/2.0, 18mm (ultrawide), AF",Yes,No,"Wi-Fi 802.11 a/b/g/n/ac, dual-band",Yes,"GPS, GALILEO, GLONASS, BDS, QZSS",Yes,"USB Type-C 2.0, OTG","Fingerprint (under display, optical), accelerometer, gyro, proximity, compass",Si/C Li-Ion 10000 mAh,10000,"80W wired, 40W/80W UFCS, 55W PPS, 13.5W PD 27W reverse wired","Black, Blue, Orange",PYC110,About 280 EUR
Oppo,Oppo K15,oppo_k15_5g-14810.php,phone,"Available. Released 2026, July 24","2026, July 24",GSM / HSPA / LTE / 5G,158.3 x 75.1 x 8.3 mm,205 g (7.23 oz),"Glass front, aluminum frame",Nano-SIM + Nano-SIM,IP68,"AMOLED, 1B colors, 120Hz, 1200 nits (peak)",6.59,1256 x 2760 pixels,1256,2760,460,120,,"Android 16, ColorOS 16",Mediatek Dimensity 7360 Super (4 nm),Octa-core,Mali-G615 MC2,No,256GB 12GB RAM,256GB/12GB,Dual,"50 MP, f/1.8, 26mm (wide), PDAF, OIS 50 MP, f/2.2, 16mm, 143 (ultrawide)","50 MP, f/2.0, 18mm (wide), AF","Yes, with stereo speakers",No,"Wi-Fi 802.11 a/b/g/n/ac/6, dual-band","5.4, A2DP, LE, aptX HD, LHDC 5","GPS (L1+L5), BDS, GALILEO, QZSS, NavIC, GLONASS",Yes,"USB Type-C 2.0, OTG","Fingerprint (under display, optical), accelerometer, gyro, proximity, compass",Si/C Li-Ion 8000 mAh,8000,"80W wired, 44W/80W UFCS, 55W PPS, 13.5W PD Reverse wired Bypass charging","Gray, Silver",PYD110,About 300 EUR
Oppo,Oppo Reno16c,oppo_reno16c_5g-14768.php,phone,"Available. Released 2026, July 09","2026, July 02",GSM / HSPA / LTE / 5G,158.2 x 74.9 x 8.4 mm,195 g (6.88 oz),"Glass front, plastic frame, glass back",Nano-SIM + Nano-SIM,IP68,"AMOLED, 1B colors, 120Hz, 600 nits (typ), 1400 nits (HBM)",6.57,1080 x 2372 pixels,1080,2372,397,120,Crystal Guard,"Android 16, ColorOS 16",Mediatek Dimensity 7300 Energy (4 nm),Octa-core,Mali-G615 MC2,microSDXC,"128GB 8GB RAM, 256GB 8GB RAM, 256GB 12GB RAM",128GB/8GB; 256GB/8GB; 256GB/12GB,Triple,"50 MP, f/1.8, 26mm (wide), PDAF, OIS 50 MP, f/2.8, 92mm (telephoto), PDAF, OIS, 3.5x optical zoom 8 MP, f/2.2, 15mm, 116 (ultrawide), AF","50 MP, f/2.0, 18mm, 100 (ultrawide), AF",Yes,No,"Wi-Fi 802.11 a/b/g/n/ac/6, dual-band","5.4, A2DP, LE, aptX HD","GPS, GLONASS, GALILEO, BDS, QZSS",No,"USB Type-C 2.0, OTG","Fingerprint (under display, optical), accelerometer, gyro, proximity, compass",Si/C Li-Ion 7000 mAh,7000,"80W wired, 55W PPS, 13.5W PD/QC, 100% in 62 min Reverse wired","Stellar Purple, Twilight Violet, Starry White",CPH2859,"49,999 INR"
Oppo,Oppo Reno16 Pro,oppo_reno16_pro_5g-14746.php,phone,"Available. Released 2026, July 13","2026, June 25",GSM / HSPA / LTE / 5G,151.2 x 72.4 x 8.2 mm,188 g (6.63 oz),"Glass front, aluminum frame, glass back",Nano-SIM + Nano-SIM + eSIM,IP68,"AMOLED, 1B colors, 144Hz, 3840Hz PWM, HDR10+, 600 nits (typ), 1800 nits (HBM), 3600 nits (peak)",6.32,"1216 x 2640 pixels, 19.5:9 ratio",1216,2640,460,144,"Crystal Guard, Mohs level 4","Android 16, ColorOS 16",Mediatek Dimensity 8550 Super (4 nm),Octa-core,Mali-G720 MC8,No,"256GB 12GB RAM, 512GB 12GB RAM",256GB/12GB; 512GB/12GB,Triple,"200 MP, f/1.8, 24mm (wide), PDAF, OIS 50 MP, f/2.8, 80mm (telephoto), PDAF, OIS, 3.5x optical zoom 50 MP, f/2.0, 16mm, 116 (ultrawide), AF","50 MP, f/2.0, 18mm, 100 (ultrawide), AF","Yes, with stereo speakers",No,"Wi-Fi 802.11 a/b/g/n/ac/6, dual-band","5.4, A2DP, LE, aptX HD, LHDC 5","GPS, GLONASS, GALILEO, BDS, QZSS",Yes (market/region dependent),"USB Type-C 2.0, OTG","Fingerprint (under display, optical), accelerometer, gyro, proximity, compass",Si/C Li-Ion 6700 mAh,6700,"80W wired, 44/80W UFCS, 55W PPS, 13.5W PD, 100% in 57 min Reverse wired","Pop White, Starlight Black",CPH2863,859.00 EUR
Oppo,Oppo Reno16,oppo_reno16_5g-14747.php,phone,"Available. Released 2026, July 09","2026, June 25",GSM / HSPA / LTE / 5G,151.2 x 72.4 x 8.2 mm,188 g (6.63 oz),"Glass front, aluminum frame, glass back",Nano-SIM + Nano-SIM + eSIM,IP68,"AMOLED, 1B colors, 120Hz, 3840Hz PWM, HDR10+, 600 nits (typ), 1800 nits (HBM), 3600 nits (peak)",6.32,"1216 x 2640 pixels, 19.5:9 ratio",1216,2640,460,120,"Crystal Guard, Mohs level 4","Android 16, ColorOS 16",Qualcomm SM7750-AB Snapdragon 7 Gen 4 (4 nm),Octa-core,Adreno 722,No,"256GB 8GB RAM, 256GB 12GB RAM, 512GB 8GB RAM, 512GB 12GB RAM",256GB/8GB; 256GB/12GB; 512GB/8GB; 512GB/12GB,Triple,"50 MP, f/1.8, 26mm (wide), PDAF, OIS 50 MP, f/2.8, 80mm (telephoto), PDAF, OIS, 3.5x optical zoom 50 MP, f/2.0, 16mm, 116 (ultrawide), AF","50 MP, f/2.0, 18mm, 100 (ultrawide), AF","Yes, with stereo speakers",No,"Wi-Fi 802.11 a/b/g/n/ac/6, dual-band","5.4, A2DP, LE, aptX HD, aptX Adaptive, LHDC 5","GPS, GLONASS, GALILEO, BDS, QZSS",Yes (market/region dependent),"USB Type-C 2.0, OTG","Fingerprint (under display, optical), accelerometer, gyro, proximity, compass",Si/C Li-Ion 6700 mAh,6700,"80W wired, 55W PPS, 13.5W PD/QC, 100% in 59 min Reverse wired","Pop White, Twilight Violet, Dream Purple",CPH2865,699.00 EUR
Oppo,Oppo Reno16 FS,oppo_reno16_fs_5g-14752.php,phone,"Available. Released 2026, July 13","2026, June 25",GSM / HSPA / LTE / 5G,158.2 x 74.9 x 8.4 mm,194 g (6.84 oz),"Glass front, plastic frame, glass back",Nano-SIM + Nano-SIM + eSIM,IP68,"AMOLED, 1B colors, 120Hz, 600 nits (typ), 1400 nits (HBM)",6.57,1080 x 2372 pixels,1080,2372,397,120,"Crystal Guard, Mohs level 5","Android 16, ColorOS 16",Mediatek Dimensity 7300 Energy (4 nm),Octa-core,Mali-G615 MC2,microSDXC,512GB 8GB RAM,512GB/8GB,Triple,"50 MP, f/1.8, 26mm (wide), PDAF, OIS 50 MP, f/2.8, 92mm (telephoto), PDAF, OIS, 3.5x optical zoom 8 MP, f/2.2, 15mm, 116 (ultrawide), AF","50 MP, f/2.0, 18mm, 100 (ultrawide), AF",Yes,No,"Wi-Fi 802.11 a/b/g/n/ac/6, dual-band","5.4, A2DP, LE, aptX HD","GPS, GLONASS, GALILEO, BDS, QZSS",Yes (market/region dependent),"USB Type-C 2.0, OTG","Fingerprint (under display, optical), accelerometer, gyro, proximity, compass",Si/C Li-Ion 6500 mAh,6500,"45W wired, 45W PPS, 13.5W PD/QC, 100% in 84 min Reverse wired","Pop White, Dream Purple",CPH2859,About 650 EUR
Oppo,Oppo Reno16 F,oppo_reno16_f_5g-14751.php,phone,"Available. Released 2026, July 13","2026, June 25",GSM / HSPA / LTE / 5G,158.2 x 74.5 x 8.4 mm,194 g (6.84 oz),"Glass front, plastic frame, glass back",Nano-SIM + Nano-SIM + eSIM,IP68,"AMOLED, 1B colors, 120Hz, 600 nits (typ), 1400 nits (HBM)",6.57,1080 x 2372 pixels,1080,2372,397,120,"Crystal Guard, Mohs level 5","Android 16, ColorOS 16",Mediatek Dimensity 7300 Energy (4 nm),Octa-core,Mali-G615 MC2,microSDXC,"128GB 8GB RAM, 256GB 8GB RAM, 256GB 12GB RAM",128GB/8GB; 256GB/8GB; 256GB/12GB,Triple,"50 MP, f/1.8, 26mm (wide), PDAF, OIS 50 MP, f/2.8, 92mm (telephoto), PDAF, OIS, 3.5x optical zoom 8 MP, f/2.2, 15mm, 116 (ultrawide), AF","50 MP, f/2.0, 18mm, 100 (ultrawide), AF",Yes,No,"Wi-Fi 802.11 a/b/g/n/ac/6, dual-band","5.4, A2DP, LE, aptX HD","GPS, GLONASS, GALILEO, BDS, QZSS",Yes (market/region dependent),"USB Type-C 2.0, OTG","Fingerprint (under display, optical), accelerometer, gyro, proximity, compass",Si/C Li-Ion 7000 mAh,7000,"80W wired, 55W PPS, 13.5W PD/QC, 100% in 62 min Reverse wired","Pop White, Twilight Violet, Dream Purple",CPH2859,About 550 EUR
Oppo,Oppo Pad 6,oppo_pad_6-14690.php,tablet,"Available. Released 2026, May 29","2026, May 25",No cellular connectivity,266.9 x 193.4 x 6 mm,577 g (1.27 lb),,No,,"IPS LCD, 1B colors, 144Hz, Dolby Vision, 600 nits (typ), 900 nits (HBM)",12.1,2120 x 3000 pixels,2120,3000,304,144,,"Android 16, ColorOS 16",Mediatek Dimensity 9500s (3 nm),Octa-core,Immortalis-G925 MC11,No,"256GB 8GB RAM, 256GB 12GB RAM, 512GB 16GB RAM",256GB/8GB; 256GB/12GB; 512GB/16GB,Single,8 MP,8 MP,"Yes, with stereo speakers (6 speakers)",No,"Wi-Fi 802.11 a/b/g/n/ac/6/7, dual-band","5.4, A2DP, LE, aptX HD, LHDC 5",No,No,"USB Type-C 3.2, OTG","Accelerometer, proximity, gyro",10420 mAh,10420,"67W wired, 67W UFCS, 55W PPS, 18W PD","Silver, Gray, Blue",OPD2601,About 440 EUR
Oppo,Oppo Find X9 Ultra,oppo_find_x9_ultra_5g-14548.php,phone,"Available. Released 2026, May 02","2026, April 21",GSM / HSPA / LTE / 5G,163.2 x 77.0 x 8.7 mm,235 g (8.29 oz),"Glass front (Gorilla Glass Victus 2), aluminum frame, glass back",Nano-SIM + Nano-SIM + eSIM,IP68,"LTPO AMOLED, 1B colors, 144Hz, Dolby Vision, HDR10+, 800 nits (typ), 1800 nits (HBM), 3600 nits (peak)",6.82,1440 x 3168 pixels,1440,3168,510,144,Gorilla Glass Victus 2,"Android 16, ColorOS 16",Qualcomm SM8850-AC Snapdragon 8 Elite Gen 5 (3 nm),Octa-core,Adreno 840,No,"256GB 12GB RAM, 512GB 12GB RAM, 512GB 16GB RAM, 1TB 16GB RAM",256GB/12GB; 512GB/12GB; 512GB/16GB; 1024GB/16GB,Quad,"200 MP, f/1.5, 23mm (wide), PDAF, OIS 200 MP, f/2.2, 70mm (periscope telephoto), PDAF, OIS, 3x optical zoom 50 MP, f/3.5, 230mm (periscope telephoto), PDAF, OIS, 10x optical zoom 50 MP, f/2.0, 14mm, 123 (ultrawide), PDAF","50 MP, f/2.4, 21mm (wide), PDAF","Yes, with stereo speakers",No,"Wi-Fi 802.11 a/b/g/n/ac/6e/7, tri-band, Wi-Fi Direct","6.0, A2DP, LE, aptX HD, aptX Adaptive, LHDC 5","GPS (L1+L5), BDS, GALILEO, QZSS, GLONASS, NavIC",Yes,"USB Type-C 3.2, OTG","Fingerprint (under display, ultrasonic), accelerometer, gyro, proximity, compass, barometer",Si/C Li-Ion 7050 mAh,7050,"100W wired, 55W PPS, 18W PD/QC 50W wireless 10W reverse wireless Reverse wired","Tundra Umber, Canyon Orange, Polar Glacier","CPH2841, PMA110",1999.00 GBP
Oppo,Oppo Find X9s Pro,oppo_find_x9s_pro-14592.php,phone,"Available. Released 2026, April","2026, April 21",GSM / HSPA / LTE / 5G,150.5 x 71.7 x 8.4 mm,198 g (6.98 oz),,Nano-SIM + Nano-SIM,IP68,"AMOLED, 1B colors, 144Hz, 3840Hz PWM, Dolby Vision, HDR Vivid, 800 nits (typ), 1800 nits (peak)",6.32,"1216 x 2640 pixels, 19.5:9 ratio",1216,2640,460,144,,"Android 16, ColorOS 16.0",Mediatek Dimensity 9500 (3 nm),Octa-core,Immortalis-G925,No,"256GB 12GB RAM, 512GB 12GB RAM, 512GB 16GB RAM, 1TB 16GB RAM",256GB/12GB; 512GB/12GB; 512GB/16GB; 1024GB/16GB,Triple,"200 MP, f/1.6, 23mm (wide), PDAF, OIS 200 MP, f/2.6, 65mm (periscope telephoto), PDAF, OIS, 2.8x optical zoom 50 MP, f/2.0, 15mm, 120 (ultrawide), PDAF","32 MP, f/2.4, 21mm (wide)","Yes, with stereo speakers",No,"Wi-Fi 802.11 a/b/g/n/ac/6/7, dual-band, Wi-Fi Direct","6.1, A2DP, LE, aptX HD, LHDC 5","GPS (L1+L5), GALILEO, QZSS, BDS, GLONASS, NavIC",Yes,"USB Type-C, OTG","Fingerprint (under display, ultrasonic), accelerometer, gyro, proximity, compass",Si/C Li-Ion 7025 mAh,7025,"80W wired, 44W/80W UFCS, 55W PPS, 13.5W PD 50W wireless","Blue/Green, Orange, Titanium, White",PME110,About 750 EUR
Oppo,Oppo Find X9s,oppo_find_x9s_5g-14617.php,phone,"Available. Released 2026, April","2026, April 21",GSM / HSPA / LTE / 5G,157 x 73.9 x 8 mm,202 g (7.13 oz),"Glass front (Gorilla Glass 7i), aluminum frame",Nano-SIM + Nano-SIM + eSIM,IP68,"AMOLED, 1B colors, 120Hz, 3840Hz PWM, Dolby Vision, 800 nits (typ), 3600 nits (peak)",6.59,1256 x 2760 pixels,1256,2760,460,120,Corning Gorilla Glass 7i,"Android 16, ColorOS 16.0",Mediatek Dimensity 9500s (3 nm),Octa-core,Immortalis-G925 MC11,No,"256GB 12GB RAM, 512GB 12GB RAM",256GB/12GB; 512GB/12GB,Triple,"50 MP, f/1.8, 24mm (wide), PDAF, OIS 50 MP, f/2.6, 73mm (telephoto), PDAF, OIS, 3x optical zoom 50 MP, f/2.0, 15mm, 120 (ultrawide), PDAF","32 MP, f/2.4, 21mm (wide)",Yes,No,"Wi-Fi 802.11 a/b/g/n/ac/6/7, dual-band, Wi-Fi Direct","6.1, A2DP, LE, aptX HD, LHDC 5","GPS (L1+L5), GALILEO, QZSS, BDS, GLONASS, NavIC",Yes,"USB Type-C, OTG","Fingerprint (under display, ultrasonic), accelerometer, gyro, compass, proximity",Si/C Li-Ion 7025 mAh,7025,"80W wired, 55W PPS, 13.5W PD","Midnight Grey, Lavender Sky, Sunset Orange",CPH2873,About 780 EUR
Oppo,Oppo Pad 5 Pro,oppo_pad_5_pro-14621.php,tablet,"Available. Released 2026, April 21","2026, April 21",No cellular connectivity,289.7 x 208.8 x 5.9 mm,672 g (1.48 lb),"Glass front, aluminum frame, aluminum back",No,,"IPS LCD, 144Hz, 700 nits (typ), 1000 nits (peak)",13.2,3392 x 2400 pixels,3392,2400,315,144,,"Android 16, ColorOS 16",Qualcomm SM8850-AC Snapdragon 8 Elite Gen 5 (3 nm),Octa-core,Adreno 840,No,"256GB 8GB RAM, 256GB 12GB RAM, 512GB 12GB RAM, 512GB 16GB RAM",256GB/8GB; 256GB/12GB; 512GB/12GB; 512GB/16GB,Single,13 MP,8 MP,"Yes, with stereo speakers (8 speakers)",No,"802.11 a/b/g/n/ac/6/7, dual-band, Wi-Fi Direct","Yes, aptX HD, Adaptive, LHDC 5.0",No,No,"USB Type-C 3.2, OTG","Accelerometer, proximity, gyro, compass",13380 mAh,13380,"67W wired, UFCS, 13.5W PD","Gold, Brown, Purple",OPD2511,About 540 EUR
Oppo,Oppo Pad Mini,oppo_pad_mini-14624.php,tablet,"Available. Released 2026, April 21","2026, April 21",No cellular connectivity,194.4 x 132.4 x 5.4 mm,279 g (9.84 oz),,No,,"AMOLED, 1B colors, 144Hz, 800 nits (typ), 1600 nits (peak)",8.8,"1680 x 2520 pixels, 3:2 ratio",1680,2520,344,144,,"Android 16, ColorOS 16",Qualcomm SM8845 Snapdragon 8 Gen 5 (3 nm),Octa-core,Adreno 829,No,"256GB 8GB RAM, 256GB 12GB RAM, 512GB 12GB RAM",256GB/8GB; 256GB/12GB; 512GB/12GB,Single,13 MP,8 MP,"Yes, with stereo speakers (2 speakers)",No,"802.11 a/b/g/n/ac/6/7, dual-band, Wi-Fi Direct","Yes, aptX HD, LDAC, LHDC 5.0",No,No,"USB Type-C 3.2, OTG","Accelerometer, proximity, gyro, compass",8000 mAh,8000,"67W wired, UFCS","Monet Purple, Space Gray, Mint Green",OPD2515,About 460 EUR
Oppo,Oppo Watch X3 Mini,oppo_watch_x3_mini-14619.php,watch,"Available. Released 2026, April 21","2026, April 21",HSPA / LTE,43.2 x 43.2 x 11.2 mm,40.4 g (1.41 oz),"Sapphire glass front, stainless steel frame, plastic/fiber back",eSIM,IP68,"AMOLED, 600 nits (typ), 1000 nits (peak)",1.32,466 x 466 pixels,466,466,499,,Sapphire crystal glass,ColorOS Watch 16.0,Qualcomm Snapdragon W5 (4 nm),,,No,,,,,,Yes,No,"Wi-Fi 802.11 a/b/g/n, dual-band","5.2, A2DP, LE","GPS, GLONASS, GALILEO, BDS, QZSS",Yes,No,"Accelerometer, gyro, barometer, compass, heart rate, SpO2",Li-Po 354 mAh,354,"7.5W wired, 100% in 60 min","High-gloss Gold, Starlight Silver, Mocha Brown","OWW263, OWW264",About 230 EUR
Oppo,Oppo F33 Pro,oppo_f33_pro_5g-14601.php,phone,"Available. Released 2026, April 26","2026, April 15",GSM / HSPA / LTE / 5G,158.4 x 75.2 x 8.3 mm,194 g (6.84 oz),"Glass front, plastic frame, plastic back",Nano-SIM + Nano-SIM,IP68,"AMOLED, 1B colors, 120Hz, 600 nits (typ), 1400 nits (HBM)",6.57,1080 x 2372 pixels,1080,2372,397,120,Asahi Glass DT-STAR D+,"Android 16, ColorOS 16",Mediatek Dimensity 6360 Max (6 nm),Octa-core,Mali-G57 MC2,microSDXC,"128GB 8GB RAM, 256GB 8GB RAM",128GB/8GB; 256GB/8GB,Dual,"50 MP, f/1.8, (wide), PDAF Auxiliary lens","50 MP, f/2.0, 18mm (ultrawide), AF",Yes,No,"Wi-Fi 802.11 a/b/g/n/ac, dual-band","5.4, A2DP, LE, aptX HD","GPS, GALILEO, GLONASS, BDS, QZSS",No,"USB Type-C 2.0, OTG","Fingerprint (under display, optical), accelerometer, gyro, proximity, compass",Si/C Li-Ion 7000 mAh,7000,"80W wired, 55W PPS, 13.5W PD 5W reverse wired","Misty Forest, Passion Red, Starry Blue",CPH2835,"32,789 INR"
Oppo,Oppo F33,oppo_f33_5g-14602.php,phone,"Available. Released 2026, April 21","2026, April 15",GSM / HSPA / LTE / 5G,158.2 x 75 x 8 mm,189 g (6.67 oz),"Glass front, plastic frame, plastic back",Nano-SIM + Nano-SIM,IP68,"AMOLED, 1B colors, 120Hz, 600 nits (typ), 1400 nits (HBM)",6.57,1080 x 2372 pixels,1080,2372,397,120,Asahi Glass DT-STAR D+,"Android 16, ColorOS 16",Mediatek Dimensity 6360 Max (6 nm),Octa-core,Mali-G57 MC2,microSDXC,"128GB 6GB RAM, 128GB 8GB RAM, 256GB 8GB RAM",128GB/6GB; 128GB/8GB; 256GB/8GB,Dual,"50 MP, f/1.8, (wide), PDAF Auxiliary lens","16 MP, f/2.4, (wide)","Yes, with stereo speakers",No,"Wi-Fi 802.11 a/b/g/n/ac, dual-band","5.4, A2DP, LE, aptX HD","GPS, GALILEO, GLONASS, BDS, QZSS",No,"USB Type-C 2.0, OTG","Fingerprint (under display, optical), accelerometer, proximity, compass",Si/C Li-Ion 7000 mAh,7000,"80W wired, 33W PPS, 13.5W PD 10W reverse wired","Pearl White, Forest Green",CPH2777,"30,490 INR"
Oppo,Oppo A6c,oppo_a6c-14418.php,phone,"Available. Released 2026, April","2026, April",GSM / HSPA / LTE,166.5 x 78.5 x 8.9 mm,215 g (7.58 oz),"Glass front, plastic frame, plastic back",Nano-SIM + Nano-SIM,IP64,"IPS LCD, 120Hz, 700 nits (typ)",6.75,"720 x 1570 pixels, 19.5:9 ratio",720,1570,256,120,,"Android 15, ColorOS 15",Unisoc T7250 (12 nm),Octa-core,Mali-G57 MP1,microSDXC,"64GB 4GB RAM, 128GB 4GB RAM",64GB/4GB; 128GB/4GB,Single,"13 MP, f/2.2, (wide), AF","5 MP, f/2.2, (wide)",Yes,Yes,"Wi-Fi 802.11 a/b/g/n, dual-band","5.2, A2DP, LE, aptX","GPS, GALILEO, GLONASS, BDS, QZSS",No,"USB Type-C 2.0, OTG","Fingerprint (side-mounted), accelerometer, proximity, compass",7000 mAh,7000,15W wired 5W reverse wired,"Stone Brown, Feather Purple, Feather White",CPH2895,About 130 EUR
Oppo,Oppo A6k,oppo_a6k-14588.php,phone,"Available. Released 2026, April 7","2026, April 7",GSM / HSPA / LTE / 5G,166.6 x 78.5 x 8.6 mm,216 g (7.62 oz),"Glass front, plastic frame, plastic back",Nano-SIM + Nano-SIM,IP66,"IPS LCD, 120Hz, 900 nits (typ), 1125 nits (peak)",6.75,"720 x 1570 pixels, 19.5:9 ratio",720,1570,256,120,,"Android 15, ColorOS 15",Mediatek Dimensity 6300 (6 nm),Octa-core,Mali-G57 MC2,microSDXC,"256GB 4GB RAM, 256GB 8GB RAM, 256GB 12GB RAM, 512GB 8GB RAM",256GB/4GB; 256GB/8GB; 256GB/12GB; 512GB/8GB,Dual,"50 MP, f/1.8, 27mm (wide), PDAF Auxiliary lens","8 MP, f/2.0, 25mm (wide)",Yes,Yes,"Wi-Fi 802.11 a/b/g/n/ac, dual-band","5.4, A2DP, LE, aptX HD","GPS, GALILEO, GLONASS, QZSS",No,"USB Type-C 2.0, OTG","Fingerprint (side-mounted), accelerometer, proximity, compass",7000 mAh,7000,"45 wired, 33W PPS, 13.5W PD","Twilight Blue, Seashell White, Dawn Gold",,About 280 EUR
Oppo,Oppo K15 Pro+,oppo_k15_pro_plus_5g-14572.php,phone,"Available. Released 2026, April 03","2026, April 01",GSM / HSPA / LTE / 5G,162.4 x 77.5 x 8.3 mm,213 g (7.51 oz),"Glass front (Crystal Shield Glass), aluminum frame",Nano-SIM + Nano-SIM,IP68,"AMOLED, 1B colors, 165Hz, 600 nits (typ), 1800 nits (peak)",6.78,"1272 x 2772 pixels, 19.5:9 ratio",1272,2772,450,165,Crystal Shield Glass,"Android 16, ColorOS 16",Mediatek Dimensity 9500s (3 nm),Octa-core,Immortalis-G925 MC11,No,"256GB 12GB RAM, 512GB 12GB RAM",256GB/12GB; 512GB/12GB,Dual,"50 MP, f/1.8, 24mm (wide), PDAF, OIS 8 MP, f/2.2, 15mm, 116 (ultrawide)","16 MP, f/2.4, 23mm (wide)","Yes, with stereo speakers",No,"Wi-Fi 802.11 a/b/g/n/ac/6/7, dual-band","5.4, A2DP, LE, aptX HD, LHDC 5","GPS (L1+L5), BDS, GALILEO, QZSS, NavIC, GLONASS",Yes,"USB Type-C 2.0, OTG","Fingerprint (under display, ultrasonic), accelerometer, gyro, proximity, compass",Si/C Li-Ion 8000 mAh,8000,"100W wired, 44W/100W UFCS, 55W PPS, 13.5W PD Reverse wired Bypass charging","Gray, Silver, Pink",PMG110,About 460 EUR
Oppo,Oppo K15 Pro,oppo_k15_pro_5g-14573.php,phone,"Available. Released 2026, April 03","2026, April 01",GSM / HSPA / LTE / 5G,158.3 x 75.1 x 8.3 mm,200 g (7.05 oz),"Glass front (Crystal Shield Glass), aluminum frame",Nano-SIM + Nano-SIM,IP68,"AMOLED, 1B colors, 144Hz, 600 nits (typ), 1200 nits (peak)",6.59,1256 x 2760 pixels,1256,2760,460,144,Crystal Shield Glass,"Android 16, ColorOS 16",Mediatek Dimensity 8500 Super (4 nm),Octa-core,Mali-G720 MC8,No,"256GB 12GB RAM, 512GB 12GB RAM",256GB/12GB; 512GB/12GB,Dual,"50 MP, f/1.8, 24mm (wide), PDAF, OIS 8 MP, f/2.2, 15mm, 116 (ultrawide)","16 MP, f/2.4, 23mm (wide)","Yes, with stereo speakers",No,"Wi-Fi 802.11 a/b/g/n/ac/6, dual-band","5.4, A2DP, LE, aptX HD, LHDC 5","GPS (L1+L5), BDS, GALILEO, QZSS, NavIC, GLONASS",Yes,"USB Type-C 2.0, OTG","Fingerprint (under display, optical), accelerometer, gyro, proximity, compass",Si/C Li-Ion 7500 mAh,7500,"80W wired, 44W/80W UFCS, 55W PPS, 13.5W PD Reverse wired Bypass charging","Gray, Silver, Pink, Black/Gold",PMH110,About 400 EUR
Oppo,Oppo Find N6,oppo_find_n6_5g-14389.php,phone,"Available. Released 2026, March 20","2026, March 17",GSM / HSPA / LTE / 5G,159.9 x 145.6 x 4.2 mm,225 g (7.94 oz),"Glass front (Nanocrystal Glass), glass back, aluminum frame, titanium alloy hinge",Nano-SIM + Nano-SIM + eSIM,IP58,"Foldable LTPO OLED, 1B colors, 120Hz, 2160Hz PWM, Dolby Vision, HDR10+, HDR Vivid, 600 nits (typ), 1800 nits (HBM), 2500 nits (peak)",8.12,2248 x 2480 pixels,2248,2480,412,120,,"Android 16, ColorOS 16",Qualcomm SM8850-AC Snapdragon 8 Elite Gen 5 (3 nm),Hepta-core,Adreno 840,No,"256GB 12GB RAM, 512GB 16GB RAM, 1TB 16GB RAM",256GB/12GB; 512GB/16GB; 1024GB/16GB,Triple,"200 MP, f/1.8, 23mm (wide), PDAF, OIS 50 MP, f/2.7, 70mm (periscope telephoto), PDAF, OIS, 3x optical zoom 50 MP, f/2.0, 15mm, 120 (ultrawide), AF","20MP, f/2.4, 21mm (wide)","Yes, with stereo speakers (Dolby Atmos enhanced)",No,"Wi-Fi 802.11 a/b/g/n/ac/6/7, dual-band or tri-band","Yes, A2DP, LE, aptX HD, LHDC 5","GPS (L1+L5), GLONASS, BDS, GALILEO, QZSS, NavIC",Yes,"USB Type-C 3.1, Display Port, OTG","Fingerprint (side-mounted), accelerometer, dual gyro, proximity, compass",Si/C Li-Ion 6000 mAh,6000,"80W wired, 44W UFCS, 55W PPS, 18W PD/QC 50W wireless Reverse wired Reverse wireless charging","Blossom Orange, Stellar Titanium, Pearl Black","PLP110, PLP120",About 1250 EUR
Oppo,Oppo K14,oppo_k14_5g-14530.php,phone,"Available. Released 2026, March 20","2026, March 20",GSM / HSPA / LTE / 5G,166.6 x 78.5 x 8.6 mm,216 g (7.62 oz),"Glass front, plastic frame, plastic back",Nano-SIM + Nano-SIM,IP68,"IPS LCD, 120Hz, 1125 nits (HBM)",6.75,"720 x 1570 pixels, 19.5:9 ratio",720,1570,256,120,,"Android 15, ColorOS 15",Mediatek Dimensity 6300 (6 nm),Octa-core,Mali-G57 MC2,microSDXC,"128GB 6GB RAM, 256GB 6GB RAM, 256GB 8GB RAM",128GB/6GB; 256GB/6GB; 256GB/8GB,Dual,"50 MP, f/1.8, (wide), PDAF Auxiliary lens","8 MP, f/2.0, (wide)","Yes, with stereo speakers",Yes,"Wi-Fi 802.11 a/b/g/n/ac, dual-band","5.4, A2DP, LE, aptX HD","GPS, GALILEO, GLONASS, QZSS",No,"USB Type-C 2.0, OTG","Fingerprint (side-mounted), accelerometer, proximity, compass",Si/C Li-Ion 7000 mAh,7000,"45W wired, 33W PPS, 13.5W PD, 37% in 30 min 5W reverse wired","Prism Violet, Prism White, Icy Blue",CPH2869,About 170 EUR
Oppo,Oppo Watch X3,oppo_watch_x3-14547.php,watch,"Available. Released 2026, March 20","2026, March 17",HSPA / LTE,47.4 x 47.4 x 11 mm,43 g (1.52 oz),"Sapphire crystal front, titanium alloy frame, plastic back",eSIM,IP68,"LTPO AMOLED, 600 nits (typ), 1500 nits (HBM), 3000 nits (peak)",1.5,466 x 466 pixels,466,466,310,,Sapphire crystal glass,ColorOS Watch + Wear OS 7.0,Qualcomm Snapdragon W5 Gen 1 (4 nm),,,No,32GB 2GB RAM,32GB/2GB,,,,Yes,No,"Wi-Fi 802.11 a/b/g/n, dual-band","5.2, A2DP, LE","GPS (L1+L5), GLONASS, GALILEO, BDS, QZSS",Yes,No,"Accelerometer, gyro, barometer, compass, heart rate, SpO2",Si/C Li-Ion 646 mAh,646,"7.5W wired, 100% in 75 min","Black, Titanium",OWW261,About 330 EUR
Oppo,Oppo A6s Pro,oppo_a6s_pro-14523.php,phone,"Available. Released 2026, March 03","2026, February 24",GSM / HSPA / LTE,158.2 x 75 x 8 mm,190 g (6.70 oz),"Glass front, plastic frame, plastic back",Nano-SIM + Nano-SIM,IP68,"AMOLED, 1B colors, 120Hz, 600 nits (typ), 1400 nits (HBM)",6.57,1080 x 2372 pixels,1080,2372,397,120,AGC DT-Star D+,"Android 16, ColorOS 16",Mediatek Helio G100 Max (6 nm),Octa-core,Mali-G57 MC2,microSDXC,256GB 8GB RAM,256GB/8GB,Dual,"50 MP, f/1.8, (wide), PDAF Auxiliary lens","50 MP, (wide)","Yes, with stereo speakers",No,"Wi-Fi 802.11 a/b/g/n/ac, dual-band","5.4, A2DP, LE, aptX HD","GPS, GALILEO, GLONASS, BDS, QZSS",Yes (market/region dependent),"USB Type-C 2.0, OTG","Fingerprint (under display, optical), accelerometer, gyro, proximity",Si/C Li-Ion 7000 mAh,7000,"80W wired, 33W PPS, 13.5W PD 5W reverse wired","Lumina Frost, Eclipse Blue",,About 280 EUR
Oppo,Oppo K14x,oppo_k14x_5g-14458.php,phone,"Available. Released 2026, February 16","2026, February 10",GSM / HSPA / LTE / 5G,166.6 x 78.5 x 8.6 mm,212 g (7.48 oz),"Glass front, plastic frame, plastic back",Nano-SIM + Nano-SIM,IP64,"IPS LCD, 120Hz, 700 nits (typ), 1125 nits (peak)",6.75,"720 x 1570 pixels, 19.5:9 ratio",720,1570,256,120,,"Android 15, ColorOS 15",Mediatek Dimensity 6300 (6 nm),Octa-core,Mali-G57 MC2,microSDXC,"64GB 4GB RAM, 128GB 4GB RAM, 128GB 6GB RAM",64GB/4GB; 128GB/4GB; 128GB/6GB,Dual,"50 MP, f/1.8, (wide), PDAF Auxiliary lens","5 MP, f/2.2, (wide)",Yes,Yes,"Wi-Fi 802.11 a/b/g/n/ac, dual-band","5.4, A2DP, LE, aptX HD","GPS, GALILEO, GLONASS, QZSS",No,"USB Type-C 2.0, OTG","Fingerprint (side-mounted), accelerometer, proximity, compass",6500 mAh,6500,"45 wired, 33W PPS, 13.5W PD 5W reverse wired","Prism Violet, Icy Blue",CPH2871,"18,999 INR"
Oppo,Oppo Reno15 FS,oppo_reno15_fs_5g-14373.php,phone,"Available. Released 2026, January 20","2026, January 20",GSM / HSPA / LTE / 5G,158.2 x 74.9 x 8.2 mm,189 g (6.67 oz),"Glass front (Gorilla Glass+), glass back (AGC Dragontrail DT-Star D+)",Nano-SIM + Nano-SIM + eSIM,IP68,"AMOLED, 1B colors, 120Hz, 600 nits (typ), 1400 nits (HBM)",6.57,1080 x 2372 pixels,1080,2372,397,120,"Corning Gorilla Glass+, Mohs level 5","Android 16, ColorOS 16",Qualcomm SM6450 Snapdragon 6 Gen 1 (4 nm),Octa-core,Adreno 710,microSDXC,"256GB 8GB RAM, 512GB 8GB RAM",256GB/8GB; 512GB/8GB,Triple,"50 MP, f/1.8, 26mm (wide), PDAF, OIS 8 MP, f/2.2, 16mm, 112 (ultrawide) 2 MP (macro)","50 MP, f/2.1, 100, 18mm (ultrawide), AF","Yes, with stereo speakers",No,"Wi-Fi 802.11 a/b/g/n/ac, dual-band","5.1, A2DP, LE, aptX HD","GPS, GLONASS, GALILEO, BDS, QZSS",Yes (market/region dependent),"USB Type-C 2.0, OTG","Fingerprint (under display, optical), accelerometer, gyro, proximity, compass",Si/C Li-Ion 6500 mAh,6500,"80W wired, 55W PPS, 13.5W PD/QC Reverse wired","Blue, Navy Blue",CPH2801,371.00 EUR
Oppo,Oppo A6t Pro 4G,oppo_a6t_pro-14415.php,phone,"Available. Released 2026, January 13","2026, January 13",GSM / HSPA / LTE,166.6 x 78.5 x 8.6 mm,215 g (7.58 oz),"Glass front, plastic frame, plastic back",Nano-SIM + Nano-SIM,IP68,"IPS LCD, 120Hz, 1125 nits (peak)",6.75,"720 x 1570 pixels, 19.5:9 ratio",720,1570,256,120,,"Android 15, ColorOS 15",Qualcomm SM6225 Snapdragon 685 (6 nm),Octa-core,Adreno 610,microSDXC,128GB 8GB RAM,128GB/8GB,Dual,"50 MP, f/1.8, (wide), PDAF Auxiliary lens","8 MP, f/2.0, (wide)","Yes, with stereo speakers",No,"Wi-Fi 802.11 a/b/g/n/ac, dual-band","5.0, A2DP, LE, aptX","GPS, GALILEO, GLONASS, QZSS",Yes (market/region dependent),"USB Type-C 2.0, OTG","Fingerprint (side-mounted), accelerometer, proximity, compass",Si/C Li-Ion 7000 mAh,7000,"45W wired, 33W PPS, 13.5W PD, 36% in 30 min 5W reverse wired","Crystal Violet, Crystal White",CPH2849,
Oppo,Oppo A6t,oppo_a6t_5g-14417.php,phone,"Available. Released 2026, January 13","2026, January 13",GSM / HSPA / LTE / 5G,166.6 x 78.5 x 8.6 mm,212 g (7.48 oz),"Glass front, plastic frame, plastic back",Nano-SIM + Nano-SIM,IP64,"IPS LCD, 120Hz, 1125 nits (peak)",6.75,"720 x 1570 pixels, 19.5:9 ratio",720,1570,256,120,,"Android 15, ColorOS 15",Mediatek Dimensity 6300 (6 nm),Octa-core,Mali-G57 MC2,microSDXC,"128GB 4GB RAM, 128GB 6GB RAM, 256GB 4GB RAM, 256GB 6GB RAM, 256GB 8GB RAM, 512GB 8GB RAM",128GB/4GB; 128GB/6GB; 256GB/4GB; 256GB/6GB; 256GB/8GB; 512GB/8GB,Dual,"50 MP, f/1.8, (wide), PDAF Auxiliary lens","5 MP, f/2.2, (wide)",Yes,Yes,"Wi-Fi 802.11 a/b/g/n/ac, dual-band","5.4, A2DP, LE, aptX HD","GPS, GALILEO, GLONASS, QZSS",Yes (market/region dependent),"USB Type-C 2.0, OTG","Fingerprint (side-mounted), accelerometer, proximity, compass",6500 mAh,6500,45W wired 5W reverse wired,"Crystal Violet, Crystal Blue","CPH2853, PLT130",
Oppo,Oppo A6t 4G,oppo_a6t-14416.php,phone,"Available. Released 2026, January 13","2026, January 13",GSM / HSPA / LTE,166.6 x 78.5 x 8.6 mm,210 g (7.41 oz),"Glass front, plastic frame, plastic back",Nano-SIM + Nano-SIM,IP64,"IPS LCD, 120Hz, 1125 nits (peak)",6.75,"720 x 1570 pixels, 19.5:9 ratio",720,1570,256,120,,"Android 15, ColorOS 15",Qualcomm SM6225 Snapdragon 685 (6 nm),Octa-core,Adreno 610,microSDXC,"64GB 4GB RAM, 128GB 4GB RAM, 128GB 6GB RAM, 256GB 6GB RAM",64GB/4GB; 128GB/4GB; 128GB/6GB; 256GB/6GB,Single,"13 MP, f/2.2, (wide), AF","5 MP, f/2.2, (wide)",Yes,Yes,"Wi-Fi 802.11 a/b/g/n/ac, dual-band","5.0, A2DP, LE, aptX","GPS, GALILEO, GLONASS, BDS, QZSS",No,"USB Type-C 2.0, OTG","Fingerprint (side-mounted), accelerometer, proximity, compass",6500 mAh,6500,Wired 5W reverse wired,"Crystal Violet, Crystal Blue",CPH2847,
Oppo,Oppo A6,oppo_a6_5g-14412.php,phone,"Available. Released 2026, January 13","2026, January 13",GSM / HSPA / LTE / 5G,166.6 x 78.5 x 8.6 mm,216 g (7.62 oz),"Glass front, plastic frame, plastic back",Nano-SIM + Nano-SIM,IP68,"IPS LCD, 120Hz, 1125 nits (peak)",6.75,"720 x 1570 pixels, 19.5:9 ratio",720,1570,256,120,Mohs level 5,"Android 15, ColorOS 15",Mediatek Dimensity 6300 (6 nm),Octa-core,Mali-G57 MC2,microSDXC,"128GB 4GB RAM, 128GB 6GB RAM, 128GB 8GB RAM, 256GB 6GB RAM, 256GB 8GB RAM, 256GB 12GB RAM, 512GB 8GB RAM",128GB/4GB; 128GB/6GB; 128GB/8GB; 256GB/6GB; 256GB/8GB; 256GB/12GB; 512GB/8GB,Dual,"50 MP, f/1.8, (wide), PDAF Auxiliary lens","8 MP, f/2.0, (wide)","Yes, with stereo speakers",No,"Wi-Fi 802.11 a/b/g/n/ac, dual-band","5.4, A2DP, LE, aptX HD","GPS, GALILEO, GLONASS, QZSS",Yes (market/region dependent),"USB Type-C 2.0, OTG","Fingerprint (side-mounted), accelerometer, proximity, compass",Si/C Li-Ion 7000 mAh,7000,"45W wired, 33W PPS, 13.5W PD, 37% in 30 min 5W reverse wired","Sapphire Blue, Sakura Pink","CPH2831, PLT120",199.00 EUR
Oppo,Oppo A6 4G,oppo_a6-14413.php,phone,"Available. Released 2026, January 13","2026, January 13",GSM / HSPA / LTE,166.6 x 78.5 x 8.6 mm,215 g (7.58 oz),"Glass front, plastic frame, plastic back",Nano-SIM + Nano-SIM,IP68,"IPS LCD, 120Hz, 1125 nits (peak)",6.75,"720 x 1570 pixels, 19.5:9 ratio",720,1570,256,120,,"Android 15, ColorOS 15",Qualcomm SM6225 Snapdragon 685 (6 nm),Octa-core,Adreno 610,microSDXC,"128GB 4GB RAM, 128GB 6GB RAM, 128GB 8GB RAM, 256GB 4GB RAM, 256GB 6GB RAM, 256GB 8GB RAM",128GB/4GB; 128GB/6GB; 128GB/8GB; 256GB/4GB; 256GB/6GB; 256GB/8GB,Dual,"50 MP, f/1.8, (wide), PDAF Auxiliary lens","8 MP, f/2.0, (wide)","Yes, with stereo speakers",No,"Wi-Fi 802.11 a/b/g/n/ac, dual-band","5.0, A2DP, LE, aptX","GPS, GALILEO, GLONASS, QZSS",Yes (market/region dependent),"USB Type-C 2.0, OTG","Fingerprint (side-mounted), accelerometer, proximity, compass",Si/C Li-Ion 7000 mAh,7000,"45W wired, 33W PPS, 13.5W PD, 36% in 30 min 5W reverse wired","Sapphire Blue, Aurora Gold",CPH2817,
Oppo,Oppo A6x,oppo_a6x_5g_global-14414.php,phone,"Available. Released 2026, January 13","2026, January 13",GSM / HSPA / LTE / 5G,166.6 x 78.5 x 8.6 mm,212 g (7.48 oz),"Glass front, plastic frame, plastic back",Nano-SIM + Nano-SIM,IP64,"IPS LCD, 120Hz, 1125 nits (peak)",6.75,"720 x 1570 pixels, 19.5:9 ratio",720,1570,256,120,,"Android 15, ColorOS 15",Mediatek Dimensity 6300 (6 nm),Octa-core,Mali-G57 MC2,microSDXC,"128GB 4GB RAM, 128GB 6GB RAM, 256GB 4GB RAM, 256GB 6GB RAM, 256GB 8GB RAM",128GB/4GB; 128GB/6GB; 256GB/4GB; 256GB/6GB; 256GB/8GB,Dual,"50 MP, f/1.8, (wide), PDAF Auxiliary lens","5 MP, f/2.2, (wide)",Yes,Yes,"Wi-Fi 802.11 a/b/g/n/ac, dual-band","5.4, A2DP, LE, aptX HD","GPS, GALILEO, GLONASS, QZSS",Yes (market/region dependent),"USB Type-C 2.0, OTG","Fingerprint (side-mounted), accelerometer, proximity, compass",6500 mAh,6500,Wired 5W reverse wired,"Plum Purple, Violet Purple",CPH2783,
Oppo,Oppo A6s 4G,oppo_a6s-14411.php,phone,"Available. Released 2026, January 09","2026, January 09",GSM / HSPA / LTE,166.6 x 78.5 x 8.6 mm,215 g (7.58 oz),"Glass front, plastic frame, plastic back",Nano-SIM + Nano-SIM,IP68,"IPS LCD, 120Hz, 1125 nits (peak)",6.75,"720 x 1570 pixels, 19.5:9 ratio",720,1570,256,120,,"Android 15, ColorOS 15",Qualcomm SM6225 Snapdragon 685 (6 nm),Octa-core,Adreno 610,microSDXC,"128GB 8GB RAM, 256GB 8GB RAM",128GB/8GB; 256GB/8GB,Dual,"50 MP, f/1.8, (wide), PDAF Auxiliary lens","16 MP, f/2.4, (wide)","Yes, with stereo speakers",No,"Wi-Fi 802.11 a/b/g/n/ac, dual-band","5.0, A2DP, LE, aptX","GPS, GALILEO, GLONASS, QZSS",Yes (market/region dependent),"USB Type-C 2.0, OTG","Fingerprint (side-mounted), accelerometer, proximity, compass",Si/C Li-Ion 7000 mAh,7000,"80W wired, 33W PPS, 13.5W PD, 56% in 30 min 5W reverse wired","Cappuccino Brown, Ice White",CPH2815,
Oppo,Oppo A6s,oppo_a6s_5g-14410.php,phone,"Available. Released 2026, January 13","2026, January 13",GSM / HSPA / LTE / 5G,166.6 x 78.5 x 8.6 mm,216 g (7.62 oz),"Glass front, plastic frame, plastic back",Nano-SIM + Nano-SIM,IP68,"IPS LCD, 120Hz, 1125 nits (peak)",6.75,"720 x 1570 pixels, 19.5:9 ratio",720,1570,256,120,,"Android 15, ColorOS 15",Mediatek Dimensity 6300 (6 nm),Octa-core,Mali-G57 MC2,microSDXC,"128GB 6GB RAM, 128GB 8GB RAM, 256GB 8GB RAM",128GB/6GB; 128GB/8GB; 256GB/8GB,Dual,"50 MP, f/1.8, (wide), PDAF Auxiliary lens","16 MP, f/2.4, (wide)","Yes, with stereo speakers",No,"Wi-Fi 802.11 a/b/g/n/ac, dual-band","5.4, A2DP, LE, aptX HD","GPS, GALILEO, GLONASS, QZSS",Yes (market/region dependent),"USB Type-C 2.0, OTG","Fingerprint (side-mounted), accelerometer, proximity, compass",Si/C Li-Ion 7000 mAh,7000,"80W wired, 33W PPS, 13.5W PD, 54% in 30 min 5W reverse wired","Cappuccino Brown, Ice White",CPH2789,
Oppo,Oppo Reno15 Pro Mini,oppo_reno15_pro_mini_5g-14393.php,phone,"Available. Released 2026, January 13","2026, January 08",GSM / HSPA / LTE / 5G,151.2 x 72.4 x 8 mm,187 g (6.60 oz),"Glass front (Gorilla Glass 7i), aluminum frame, glass back",Nano-SIM + Nano-SIM,IP68,"AMOLED, 1B colors, 120Hz, HDR10+, 600 nits (typ), 1800 nits (HBM)",6.32,"1216 x 2640 pixels, 19.5:9 ratio",1216,2640,460,120,Corning Gorilla Glass 7i,"Android 16, ColorOS 16",Mediatek Dimensity 8450 (4 nm),Octa-core,Mali-G720 MC7,No,"256GB 12GB RAM, 512GB 12GB RAM",256GB/12GB; 512GB/12GB,Triple,"200 MP, f/1.8, 24mm (wide), PDAF, OIS 50 MP, f/2.8, 85mm (telephoto), PDAF, OIS, 3.5x optical zoom 50 MP, f/2.0, 16mm, 116 (ultrawide), AF","50 MP, f/2.0, 18mm, 100 (ultrawide), AF","Yes, with stereo speakers",No,"Wi-Fi 802.11 a/b/g/n/ac/6, dual-band","5.4, A2DP, LE, aptX HD, LHDC 5","GPS, GLONASS, GALILEO, BDS, QZSS",Yes (market/region dependent),"USB Type-C 2.0, OTG","Fingerprint (under display, optical), accelerometer, gyro, proximity, compass",6200 mAh,6200,"80W wired, 13.5W PD, 55W PPS, 100% in 53 min Reverse wired","Dusk Brown, Aurora Blue, Glacier White, Crystal Pink",CPH2813,About 570 EUR
Oppo,Oppo Reno15 Pro Max,oppo_reno15_pro_max_5g-14220.php,phone,"Available. Released 2026, January 02","2026, January 02",GSM / HSPA / LTE / 5G,161.3 x 76.5 x 7.7 mm,205 g (7.23 oz),"Glass front (Gorilla Glass Victus 2), aluminum frame, glass back",Nano-SIM + Nano-SIM + eSIM,IP68,"AMOLED, 1B colors, 120Hz, HDR10+, 600 nits (typ), 1800 nits (HBM)",6.78,"1272 x 2772 pixels, 19.5:9 ratio",1272,2772,450,120,Corning Gorilla Glass Victus 2,"Android 16, ColorOS 16",Mediatek Dimensity 8450 (4 nm),Octa-core,Mali-G720 MC7,No,"256GB 12GB RAM, 512GB 12GB RAM",256GB/12GB; 512GB/12GB,Triple,"200 MP, f/1.8, 24mm (wide), PDAF, OIS 50 MP, f/2.8, 85mm (telephoto), PDAF, OIS, 3.5x optical zoom 50 MP, f/2.0, 16mm, 116 (ultrawide), AF","50 MP, f/2.0, 18mm, 100 (ultrawide), AF","Yes, with stereo speakers",No,"Wi-Fi 802.11 a/b/g/n/ac/6, dual-band","5.4, A2DP, LE, aptX HD, LHDC 5","GPS, GLONASS, GALILEO, BDS, QZSS",Yes,"USB Type-C 2.0, OTG","Fingerprint (under display, optical), accelerometer, gyro, proximity, compass",6500 mAh,6500,"80W wired, 13.5W PD, 55W PPS, 100% in 51 min 50W wireless Reverse wired","Dusk Brown, Aura Gold",CPH2811,
Oppo,Oppo Reno15 Pro,oppo_reno15_pro_5g_global-14394.php,phone,"Available. Released 2026, January 02","2026, January 02",GSM / HSPA / LTE / 5G,151.2 x 72.4 x 8 mm,187 g (6.60 oz),"Glass front (Gorilla Glass 7i), aluminum frame, glass back",Nano-SIM + Nano-SIM + eSIM,IP68,"AMOLED, 1B colors, 120Hz, HDR10+, 600 nits (typ), 1800 nits (HBM)",6.32,"1216 x 2640 pixels, 19.5:9 ratio",1216,2640,460,120,"Corning Gorilla Glass 7i, Mohs level 5","Android 16, ColorOS 16",Mediatek Dimensity 8450 (4 nm),Octa-core,Mali-G720 MC7,No,"256GB 12GB RAM, 512GB 12GB RAM",256GB/12GB; 512GB/12GB,Triple,"200 MP, f/1.8, 24mm (wide), PDAF, OIS 50 MP, f/2.8, 85mm (telephoto), PDAF, OIS, 3.5x optical zoom 50 MP, f/2.0, 16mm, 116 (ultrawide), AF","50 MP, f/2.0, 18mm, 100 (ultrawide), AF","Yes, with stereo speakers",No,"Wi-Fi 802.11 a/b/g/n/ac, dual-band","5.4, A2DP, LE, aptX HD, LHDC 5","GPS, GLONASS, GALILEO, BDS, QZSS",Yes,"USB Type-C 2.0, OTG","Fingerprint (under display, optical), accelerometer, gyro, proximity, compass",6200 mAh,6200,"80W wired, 13.5W PD, 55W PPS, 100% in 53 min Reverse wired","Dusk Brown, Aurora Blue",CPH2813,639.00 EUR
Oppo,Oppo Reno15,oppo_reno15_5g_global-14395.php,phone,"Available. Released 2026, January 02","2026, January 02",GSM / HSPA / LTE / 5G,158 x 74.8 x 7.8 mm,197 g (6.95 oz),"Glass front (Gorilla Glass 7i), aluminum frame, glass back",Nano-SIM + Nano-SIM + eSIM,IP68,"AMOLED, 1B colors, 120Hz, HDR10+, 600 nits (typ), 1200 nits (HBM)",6.59,1256 x 2760 pixels,1256,2760,460,120,"Corning Gorilla Glass 7i, Mohs level 5","Android 16, ColorOS 16",Qualcomm SM7750-AB Snapdragon 7 Gen 4 (4 nm),Octa-core,Adreno 722,No,"256GB 8GB RAM, 256GB 12GB RAM, 512GB 8GB RAM, 512GB 12GB RAM",256GB/8GB; 256GB/12GB; 512GB/8GB; 512GB/12GB,Triple,"50 MP, f/1.8, 26mm (wide), PDAF, OIS 50 MP, f/2.8, 80mm (telephoto), PDAF, OIS, 3.5x optical zoom 8 MP, f/2.2, 15mm, 116 (ultrawide), AF","50 MP, f/2.0, 18mm (ultrawide), AF","Yes, with stereo speakers",No,"Wi-Fi 802.11 a/b/g/n/ac, dual-band","5.4, A2DP, LE, aptX HD, aptX Adaptive, LHDC 5","GPS, GLONASS, GALILEO, BDS, QZSS",Yes (market/region dependent),"USB Type-C 2.0, OTG","Fingerprint (under display, optical), accelerometer, gyro, proximity, compass",6500 mAh,6500,"80W wired, 80W UFCS, 55W PPS, 13.5W PD, 13.5W QC, 100% in 50 min Reverse wired","Aurora Blue, Twilight Blue, Aurora White",CPH2825,549.95 EUR
Oppo,Oppo Reno15 F,oppo_reno15_f_5g-14396.php,phone,"Available. Released 2026, January 09","2026, January 02",GSM / HSPA / LTE / 5G,158.2 x 74.9 x 8.1 mm,195 g (6.88 oz),"Glass front (Gorilla Glass+), glass back (AGC Dragontrail DT-Star D+)",Nano-SIM + Nano-SIM,IP68,"AMOLED, 1B colors, 120Hz, 600 nits (typ), 1400 nits (HBM)",6.57,1080 x 2372 pixels,1080,2372,397,120,"Corning Gorilla Glass+, Mohs level 5","Android 16, ColorOS 16",Qualcomm SM6450 Snapdragon 6 Gen 1 (4 nm),Octa-core,Adreno 710,microSDXC,"128GB 8GB RAM, 256GB 8GB RAM, 256GB 12GB RAM, 512GB 12GB RAM",128GB/8GB; 256GB/8GB; 256GB/12GB; 512GB/12GB,Triple,"50 MP, f/1.8, 26mm (wide), PDAF, OIS 8 MP, f/2.2, 16mm, 112 (ultrawide) 2 MP (macro)","50 MP, f/2.0, 100, 18mm (ultrawide), AF","Yes, with stereo speakers",No,"Wi-Fi 802.11 a/b/g/n/ac, dual-band","5.1, A2DP, LE, aptX HD","GPS, GLONASS, GALILEO, BDS, QZSS",Yes (market/region dependent),"USB Type-C 2.0, OTG","Fingerprint (under display, optical), accelerometer, gyro, proximity, compass",Si/C Li-Ion 7000 mAh,7000,"80W wired, 55W PPS, 13.5W PD/QC, 100% in 64 min Reverse wired","Afterglow Pink, Twilight Blue, Aurora Blue",CPH2801,329.00 EUR
Oppo,Oppo Reno 15c,oppo_reno_15c_5g-14347.php,phone,"Available. Released 2025, December 19","2025, December 15",GSM / HSPA / LTE / 5G,158 x 74.8 x 7.8 mm,197 g (6.95 oz),,Nano-SIM + Nano-SIM,IP68,"AMOLED, 1B colors, 120Hz, 3840Hz PWM, 600 nits (typ), 1200 nits (HBM)",6.59,1256 x 2760 pixels,1256,2760,460,120,Scratch-resistant glass,"Android 16, ColorOS 16",Qualcomm SM7750-AB Snapdragon 7 Gen 4 (4 nm),Octa-core,Adreno 722,No,"256GB 12GB RAM, 512GB 12GB RAM",256GB/12GB; 512GB/12GB,Triple,"50 MP, f/1.8, 26mm (wide), PDAF, OIS 50 MP, f/2.8, 80mm (telephoto), PDAF, OIS, 3.5x optical zoom 8 MP, f/2.2, 15mm, 116 (ultrawide), AF","50 MP, f/2.0, 18mm (ultrawide), AF","Yes, with stereo speakers",No,"Wi-Fi 802.11 a/b/g/n/ac/6, dual-band","5.4, A2DP, LE, aptX HD, aptX Adaptive, LHDC 5","GPS, GLONASS, GALILEO, BDS, QZSS",Yes,"USB Type-C 2.0, OTG","Fingerprint (under display, optical), accelerometer, gyro, proximity, compass",Si/C Li-Ion 6500 mAh,6500,"80W wired, 80W UFCS, 55W PPS, 13.5W PD, 13.5W QC Reverse wired","Dark blue, Aurora blue, White",PMD110,About 350 EUR
Oppo,Oppo Pad 5 Matte Display,oppo_pad_air5-14382.php,tablet,"Available. Released 2025, December 31","2025, December 25",GSM / HSPA / LTE / 5G,266 x 192.8 x 6.8 mm,597 g (1.32 lb),,Nano-SIM,,"IPS LCD, 68B colors, 120Hz, 600 nits (typ), 900 nits (HBM)",12.1,1980 x 2800 pixels,1980,2800,283,120,Mohs level 6,"Android 16, ColorOS 16",Mediatek Dimensity 7300 Ultra (4 nm),Octa-core,Mali-G615 MC2,microSDXC,"128GB 8GB RAM, 256GB 8GB RAM, 256GB 12GB RAM",128GB/8GB; 256GB/8GB; 256GB/12GB,Single,"8 MP, f/2.0, (wide), PDAF","8 MP, f/2.0, (wide)","Yes, with stereo speakers (4 speakers)",No,"Wi-Fi 802.11 a/b/g/n/ac/6, dual-band","5.4, A2DP, LE, aptX HD","GPS, GLONASS, GALILEO, BDS, QZSS",No,USB Type-C 2.0,"Accelerometer, proximity, compass",10050 mAh,10050,"33W wired, 33W UFCS, 33W PPS, 13.5W PD","Starlight Black, Aurora Pink","OPD2501, OPD2502",About 230 EUR
Oppo,Oppo A6x 4G,oppo_a6x-14322.php,phone,"Available. Released 2025, December 02","2025, December 02",GSM / HSPA / LTE,166.6 x 78.5 x 8.6 mm,210 g (7.41 oz),"Glass front, plastic frame, plastic back",Nano-SIM + Nano-SIM,IP64,"IPS LCD, 120Hz, 1125 nits (peak)",6.75,"720 x 1570 pixels, 19.5:9 ratio",720,1570,256,120,,"Android 15, ColorOS 15",Qualcomm SM6225 Snapdragon 685 (6 nm),Octa-core,Adreno 610,microSDXC,"64GB 4GB RAM, 128GB 4GB RAM, 128GB 6GB RAM, 128GB 8GB RAM, 256GB 4GB RAM, 256GB 6GB RAM",64GB/4GB; 128GB/4GB; 128GB/6GB; 128GB/8GB; 256GB/4GB; 256GB/6GB,Single,"13 MP, f/2.2, (wide), AF","5 MP, f/2.2, (wide)",Yes,Yes,"Wi-Fi 802.11 a/b/g/n/ac, dual-band","5.0, A2DP, LE, aptX","GPS, GALILEO, GLONASS, BDS, QZSS",No,"USB Type-C 2.0, OTG","Fingerprint (side-mounted), accelerometer, proximity, compass",6500 mAh,6500,Wired 5W reverse wired,"Plum Purple, Ice Blue",CPH2819,About 80 EUR
Oppo,Oppo Find X9 Pro,oppo_find_x9_pro-14094.php,phone,"Available. Released 2025, October 22","2025, October 16",GSM / HSPA / LTE / 5G,161.3 x 76.5 x 8.3 mm,224 g (7.90 oz),"Glass front (Gorilla Glass Victus 2), glass back, aluminum frame",Nano-SIM + eSIM,IP68,"LTPO AMOLED, 1B colors, 120Hz, 2160Hz PWM, Dolby Vision, HDR10+, HDR Vivid, 800 nits (typ), 1800 nits (HBM), 3600 nits (peak)",6.78,"1272 x 2772 pixels, 19.5:9 ratio",1272,2772,450,120,"Corning Gorilla Glass Victus 2, Mohs level 5","Android 16, ColorOS 16",Mediatek Dimensity 9500 (3 nm),Octa-core,Arm G1-Ultra,No,"256GB 12GB RAM, 512GB 12GB RAM, 512GB 16GB RAM, 1TB 16GB RAM",256GB/12GB; 512GB/12GB; 512GB/16GB; 1024GB/16GB,Triple,"50 MP, f/1.5, 23mm (wide), multi-directional PDAF, OIS 200 MP, f/2.1, 70mm (periscope telephoto), 3x optical zoom, multi-directional PDAF, OIS 50 MP, f/2.0, 15mm, 120 (ultrawide), multi-directional PDAF","50 MP, f/2.0, 21mm (wide), PDAF","Yes, with stereo speakers",No,"Wi-Fi 802.11 a/b/g/n/ac/6/7, dual-band or tri-band, Wi-Fi Direct","6.0, A2DP, LE, aptX HD, LHDC 5","GPS (L1+L5), BDS, GALILEO, QZSS, GLONASS, NavIC",Yes,"USB Type-C 3.2, OTG","Fingerprint (under display, ultrasonic), accelerometer, gyro, proximity, compass, barometer",Si/C Li-Ion 7500 mAh,7500,"80W wired, 80W UFCS, 55W PPS, 11.7W PD 50W wireless 10W reverse wireless","Silk White, Titanium Charcoal, Velvet Red","CPH2791, PLG110",899.00 GBP
Oppo,Oppo Find X9,oppo_find_x9_5g-14235.php,phone,"Available. Released 2025, October 22","2025, October 16",GSM / HSPA / LTE / 5G,157 x 73.9 x 8 mm,203 g (7.16 oz),"Glass front (Gorilla Glass 7i), glass back, aluminum frame",Nano-SIM + eSIM,IP68,"AMOLED, 1B colors, 120Hz, 3840Hz PWM, Dolby Vision, HDR10+, HDR Vivid, 800 nits (typ), 1800 nits (HBM), 3600 nits (peak)",6.59,1256 x 2760 pixels,1256,2760,460,120,"Corning Gorilla Glass 7i, Mohs level 5","Android 16, ColorOS 16",Mediatek Dimensity 9500 (3 nm),Octa-core,Arm G1-Ultra,No,"256GB 12GB RAM, 256GB 16GB RAM, 512GB 12GB RAM, 512GB 16GB RAM, 1TB 16GB RAM",256GB/12GB; 256GB/16GB; 512GB/12GB; 512GB/16GB; 1024GB/16GB,Triple,"50 MP, f/1.6, 23mm (wide), multi-directional PDAF, OIS 50 MP, f/2.6, 73mm (periscope telephoto), 3x optical zoom, multi-directional PDAF, OIS 50 MP, f/2.0, 15mm, 120 (ultrawide), multi-directional PDAF","32 MP, f/2.4, 21mm (wide)","Yes, with stereo speakers",No,"Wi-Fi 802.11 a/b/g/n/ac/6/7, dual-band, Wi-Fi Direct","6.0, A2DP, LE, aptX HD, LHDC 5","GPS (L1+L5), BDS, GALILEO, QZSS, GLONASS, NavIC",Yes,"USB Type-C, OTG","Fingerprint (under display, ultrasonic), accelerometer, gyro, proximity, compass",Si/C Li-Ion 7025 mAh,7025,"80W wired, 80W UFCS, 55W PPS, 11.7W PD 50W wireless 10W reverse wireless","Space Black, Titanium Grey, Velvet Red, White","CPH2797, PLJ110",699.99 GBP
Oppo,Oppo Watch S,oppo_watch_s-14237.php,watch,"Available. Released 2025, October 22","2025, October 16",No cellular connectivity,45 x 45 x 8.9 mm,35 g (1.23 oz),,No,IP68,"AMOLED, 3000 nits (peak)",1.46,464 x 464 pixels,464,464,317,,,ColorOS Watch 7.1,Qualcomm Snapdragon W5 Gen 1 (4 nm),,,No,4GB,4GB,,,,Yes,No,No,"5.2, A2DP, LE","GPS (L1+L5), GLONASS, GALILEO, BDS, QZSS",Yes,No,"Accelerometer, gyro, barometer, compass, heart rate, SpO2",Li-Ion 339 mAh,339,,"Black, Silver",,
Oppo,Oppo A6 Pro,oppo_a6_pro_5g-14171.php,phone,"Available. Released 2025, September 29","2025, September 23",GSM / HSPA / LTE / 5G,158.2 x 75 x 8 mm,185 g (6.53 oz),"Glass front, plastic frame, plastic back",Nano-SIM + Nano-SIM,IP68,"AMOLED, 1B colors, 120Hz, 600 nits (typ), 1400 nits (HBM)",6.57,1080 x 2372 pixels,1080,2372,397,120,"AGC DT-Star D+, Mohs level 5","Android 15, ColorOS 15",Mediatek Dimensity 6300 (6 nm),Octa-core,Mali-G57 MC2,microSDXC,"128GB 6GB RAM, 256GB 8GB RAM, 256GB 12GB RAM",128GB/6GB; 256GB/8GB; 256GB/12GB,Dual,"50 MP, f/1.8, (wide), PDAF Auxiliary lens","16 MP, f/2.4, (wide)","Yes, with stereo speakers",No,"Wi-Fi 802.11 a/b/g/n/ac, dual-band","5.4, A2DP, LE, aptX HD","GPS, GALILEO, GLONASS, BDS, QZSS",Yes (market/region dependent),"USB Type-C 2.0, OTG","Fingerprint (under display, optical), accelerometer, gyro, proximity, compass",Si/C Li-Ion 7000 mAh,7000,"80W wired, 33W PPS, 13.5W PD 5W reverse wired","Lunar Titanium, Stellar Blue, Coral Pink, Rosewood Red",CPH2781,269.00 EUR
Oppo,Oppo A6 Pro 4G,oppo_a6_pro-14170.php,phone,"Available. Released 2025, September 23","2025, September 23",GSM / HSPA / LTE,158.2 x 75 x 8 mm,188 g (6.63 oz),"Glass front, plastic frame, plastic back",Nano-SIM + Nano-SIM,IP68,"AMOLED, 1B colors, 120Hz, 600 nits (typ), 1400 nits (HBM)",6.57,1080 x 2372 pixels,1080,2372,397,120,AGC DT-Star D+,"Android 15, ColorOS 15",Mediatek Helio G100 (6 nm),Octa-core,Mali-G57 MC2,microSDXC,"128GB 8GB RAM, 256GB 8GB RAM",128GB/8GB; 256GB/8GB,Dual,"50 MP, f/1.8, (wide), PDAF Auxiliary lens","16 MP, f/2.4, (wide)","Yes, with stereo speakers",No,"Wi-Fi 802.11 a/b/g/n/ac, dual-band","5.4, A2DP, LE, aptX HD","GPS, GALILEO, GLONASS, BDS, QZSS",Yes (market/region dependent),"USB Type-C 2.0, OTG","Fingerprint (under display, optical), accelerometer, gyro, proximity",Si/C Li-Ion 7000 mAh,7000,"80W wired, 33W PPS, 13.5W PD 5W reverse wired","Lunar Titanium, Stellar Blue, Coral Pink, Rosewood Red",CPH2799,About 200 EUR
Oppo,Oppo F31 Pro+,oppo_f31_pro_plus_5g-14148.php,phone,"Available. Released 2025, September 16","2025, September 16",GSM / HSPA / LTE / 5G,163.1 x 77.6 x 7.7 mm,195 g (6.88 oz),,Nano-SIM + Nano-SIM,IP68,"AMOLED, 1B colors, 120Hz, 1600 nits (HBM)",6.8,"1280 x 2800 pixels, 19.5:9 ratio",1280,2800,453,120,AGC DT-Star D+,"Android 15, ColorOS 15",Qualcomm SM7550-AB Snapdragon 7 Gen 3 (4 nm),Octa-core,Adreno 720,No,"256GB 8GB RAM, 256GB 12GB RAM",256GB/8GB; 256GB/12GB,Dual,"50 MP, f/1.8, (wide), PDAF, OIS Auxiliary lens","32 MP, f/2.4, (wide)","Yes, with stereo speakers",No,"Wi-Fi 802.11 a/b/g/n/ac/6, dual-band","5.2, A2DP, LE, aptX HD","GPS (L1+L5), BDS, GALILEO, QZSS, NavIC, GLONASS",No,"USB Type-C 2.0, OTG","Fingerprint (under display, optical), accelerometer, gyro, proximity, compass",Si/C Li-Ion 7000 mAh,7000,"80W wired, 13.5W PD, 44W UFCS, 33W PPS, 42% in 20 min 10W reverse wired","Festival Pink, Himalayan White, Gemstone Blue",CPH2757,About 320 EUR
Oppo,Oppo F31 Pro,oppo_f31_pro_5g-14149.php,phone,"Available. Released 2025, September 16","2025, September 16",GSM / HSPA / LTE / 5G,158.2 x 75 x 8 mm,190 g (6.70 oz),,Nano-SIM + Nano-SIM,IP68,"AMOLED, 1B colors, 120Hz, 600 nits (typ), 1400 nits (HBM)",6.57,1080 x 2372 pixels,1080,2372,397,120,DT-Star D+,"Android 15, ColorOS 15",Mediatek Dimensity 7300 (4 nm),Octa-core,Mali-G615 MC2,No,"128GB 8GB RAM, 256GB 8GB RAM, 256GB 12GB RAM",128GB/8GB; 256GB/8GB; 256GB/12GB,Dual,"50 MP, f/1.8, (wide), PDAF, OIS Auxiliary lens","32 MP, f/2.4, (wide)","Yes, with stereo speakers",No,"Wi-Fi 802.11 a/b/g/n/ac/6, dual-band","5.4, A2DP, LE, aptX HD","GPS, GALILEO, GLONASS, BDS, QZSS",No,"USB Type-C 2.0, OTG","Fingerprint (under display, optical), accelerometer, gyro, proximity, compass",Si/C Li-Ion 7000 mAh,7000,"80W wired, 33W PPS, 13.5W PD, 13.5W QC, UFCS, 37% in 20 min 10W reverse wired","Space Grey, Desert Gold",CPH2763,About 260 EUR
Oppo,Oppo F31,oppo_f31_5g-14248.php,phone,"Available. Released 2025, September 27","2025, September 17",GSM / HSPA / LTE / 5G,158.2 x 75 x 8 mm,185 g (6.53 oz),,Nano-SIM + Nano-SIM,IP68,"AMOLED, 1B colors, 120Hz, 600 nits (typ), 1400 nits (HBM)",6.57,1080 x 2372 pixels,1080,2372,397,120,AGC DT-Star D+,"Android 15, ColorOS 15",Mediatek Dimensity 6300 (6 nm),Octa-core,Mali-G57 MC2,microSDXC,"128GB 8GB RAM, 256GB 8GB RAM",128GB/8GB; 256GB/8GB,Dual,"50 MP, f/1.8, (wide), PDAF Auxiliary lens","16 MP, f/2.4, (wide)","Yes, with stereo speakers",No,"Wi-Fi 802.11 a/b/g/n/ac, dual-band","5.4, A2DP, LE, aptX HD","GPS, GALILEO, GLONASS, BDS, QZSS",No,"USB Type-C 2.0, OTG","Fingerprint (under display, optical), accelerometer, proximity, compass",Si/C Li-Ion 7000 mAh,7000,"80W wired, 33W PPS, 13.5W PD Reverse wired charging","Midnight Blue, Bloom Red, Cloud Green",CPH2781,"32,999 INR"
